id,score
1001,75 
1002,80 
1003,78 
1004,83 
1005,83 
1006,82 
1007,88 
1008,80 
1009,78 
1010,81 
1011,84 
1012,82 
1013,82 
1014,94 
1015,79 
1016,84 
1017,88 
1018,80 
1019,81 
1020,80 
1021,87 
1022,91 
1023,87 
1024,82 
1025,93 
1026,78 
1027,78 
1028,81 
1029,93 
1030,77 
1031,77 
1032,77 
1033,73 
1034,82 
1035,82 
1036,77 
1037,79 
1038,85 
1039,80 
1040,80 
1041,80 
1042,86 
1043,94 
1044,81 
1045,93 
1046,86 
1047,78 
1048,93 
1049,83 
1050,92 
1051,77 
1052,82 
1053,87 
1054,82 
1055,86 
1056,79 
1057,82 
1058,83 
1059,76 
1060,81 
1061,91 
1062,78 
1063,84 
1064,77 
1065,76 
1066,77 
1067,89 
1068,80 
1069,80 
1070,91 
1071,79 
1072,74 
1073,79 
1074,82 
1075,79 
1076,88 
1077,74 
1078,79 
1079,81 
1080,86 
1081,78 
1082,77 
1083,94 
1084,85 
1085,80 
1086,79 
1088,77 
1089,81 
1090,79 
1091,79 
1092,82 
1093,86 
1094,78 
1095,78 
1096,82 
1097,79 
1098,80 
1099,80 
1100,79 
1101,87 
1102,87 
1103,79 
1104,80 
1105,85 
1106,79 
1107,80 
1108,85 
1109,77 
1110,82 
1111,84 
1112,88 
1113,77 
1114,79 
1115,81 
1116,73 
1117,91 
1118,93 
1119,76 
1120,77 
1121,85 
1121,85 
1122,79 
1123,81 
1124,88 
1125,80 
1126,82 
1127,81 
1128,79 
1130,78 
1131,81 
1132,81 
1133,85 
1134,78 
1135,81 
1136,79 
1137,87 
1138,79 
1139,79 
1140,94 
1141,93 
1142,92 
1143,88 
1144,82 
1145,79 
1146,79 
1147,82 
1148,86 
1149,76 
1150,80 
1151,79 
1152,93 
1153,79 
1154,80 
1155,84 
1156,81 
1156,81 
1157,80 
1158,83 
1159,79 
1160,80 
1161,80 
1162,81 
1163,82 
1164,92 
1165,82 
1166,92 
1167,84 
1168,83 
1169,79 
1170,86 
1171,78 
1173,88 
1174,72 
1175,79 
1176,86 
1178,78 
1179,90 
1180,80 
1181,82 
1182,76 
1183,88 
1184,90 
1185,89 
1186,84 
1187,92 
1188,82 
1189,78 
1190,87 
1191,89 
1192,79 
1193,85 
1194,80 
1195,79 
1196,83 
1197,82 
1198,77 
1199,85 
1200,79 
1201,78 
1202,85 
1203,82 
1204,80 
1205,80 
1206,80 
1207,80 
1208,82 
1209,73 
1210,79 
1211,86 
1212,78 
1213,85 
1214,77 
1215,86 
1216,80 
1217,81 
1218,81 
1219,80 
1220,77 
1221,89 
1222,88 
1223,81 
1224,82 
1225,92 
1226,94 
1227,82 
1228,94 
1229,80 
1230,85 
1231,79 
1232,94 
1233,79 
1234,78 
1235,80 
1236,82 
1237,89 
1238,79 
1239,85 
1240,78 
1240,78 
1241,76 
1242,81 
1243,93 
1244,83 
1245,80 
1246,79 
1247,82 
1248,85 
1249,82 
1250,92 
1251,78 
1252,83 
1253,81 
1254,84 
1255,85 
1256,89 
1257,78 
1258,92 
1259,82 
1260,90 
1261,79 
1262,78 
1263,94 
1264,79 
1265,90 
1266,80 
1267,83 
1268,80 
1269,78 
1270,92 
1271,81 
1272,78 
1273,82 
1274,82 
1275,79 
1276,79 
1276,79 
1277,82 
1278,87 
1279,80 
1280,84 
1281,81 
1282,80 
1283,80 
1284,91 
1285,91 
1286,79 
1287,83 
1288,78 
1289,86 
1290,81 
1291,89 
1292,80 
1293,82 
1294,92 
1296,79 
1297,83 
1298,87 
1299,78 
1300,78 
1301,81 
1302,78 
1303,75 
1304,89 
1305,85 
1306,80 
1307,91 
1308,91 
1309,78 
1310,78 
1311,87 
1312,78 
1313,79 
1314,80 
1315,87 
1316,79 
1317,84 
1318,88 
1319,84 
1320,81 
1321,79 
1322,81 
1323,82 
1324,60 
1325,80 
1326,78 
1327,92 
1328,84 
1329,85 
1330,84 
1331,77 
1332,78 
1333,90 
1334,79 
1335,75 
1336,89 
1337,81 
1338,89 
1339,78 
1340,91 
1341,94 
1342,83 
1343,85 
1344,92 
1345,78 
1346,94 
1347,90 
1348,81 
1349,93 
1350,77 
1351,94 
1352,81 
1353,83 
1353,83 
1354,79 
1355,80 
1356,93 
1357,83 
1358,81 
1359,91 
1360,89 
1361,89 
1362,87 
1363,89 
1364,86 
1365,81 
1366,79 
1367,83 
1368,83 
1369,90 
1370,88 
1371,92 
1372,80 
1373,80 
1374,80 
1375,79 
1376,91 
1377,85 
1378,83 
1379,89 
1380,90 
1381,88 
1382,85 
1383,84 
1384,95 
1385,87 
1386,85 
1387,78 
1388,84 
1389,80 
1390,88 
1391,90 
1392,87 
1394,79 
1395,81 
1396,86 
1397,84 
1398,84 
1399,92 
1400,94 
1401,89 
1402,81 
1403,88 
1404,84 
1405,79 
1406,77 
1407,77 
1408,87 
1409,91 
1410,79 
1411,84 
1412,80 
1413,90 
1414,78 
1415,83 
1416,90 
1417,93 
1418,93 
1419,87 
1420,93 
1421,90 
1422,93 
1423,87 
1424,91 
1425,85 
1426,90 
1427,88 
1427,88 
1428,87 
1429,86 
1430,78 
1431,79 
1432,90 
1433,93 
1434,87 
1435,84 
1436,77 
1437,79 
1438,80 
1439,81 
1440,76 
1441,81 
1442,79 
1443,90 
1444,90 
1446,68 
1447,93 
1448,84 
1449,85 
1450,93 
1451,76 
1452,71 
1453,83 
1454,87 
1455,87 
1456,82 
1457,82 
1458,87 
1459,93 
1460,91 
1461,87 
1462,83 
1462,83 
1463,78 
1464,71 
1465,82 
1466,81 
1467,78 
1468,95 
1469,89 
1470,80 
1471,91 
1472,89 
1474,84 
1475,92 
1476,93 
1477,81 
1478,93 
1479,85 
1480,81 
1481,93 
1482,87 
1483,90 
1484,88 
1485,76 
1486,78 
1487,89 
1488,89 
1489,79 
1490,77 
1491,80 
1492,80 
1493,81 
1494,79 
1495,78 
1496,82 
1497,76 
1498,78 
1499,80 
1500,73 
1501,79 
1502,85 
1503,75 
1504,90 
1505,84 
1506,75 
1507,82 
1508,82 
1509,91 
1510,87 
1511,80 
1512,81 
1513,78 
1514,85 
1515,79 
1516,77 
1517,77 
1518,85 
1519,80 
1520,79 
1521,82 
1522,80 
1523,79 
1524,77 
1525,79 
1526,80 
1527,81 
1528,77 
1529,78 
1530,79 
1531,78 
1532,82 
1533,72 
1534,80 
1535,78 
1536,80 
1537,84 
1538,80 
1539,91 
1540,80 
1541,78 
1542,80 
1543,82 
1544,77 
1545,79 
1546,82 
1547,80 
1548,87 
1548,87 
1549,79 
1550,79 
1551,79 
1552,81 
1553,79 
1554,75 
1555,77 
1556,78 
1557,76 
1558,81 
1559,78 
1560,90 
1561,78 
1562,79 
1563,90 
1564,85 
1565,90 
1566,79 
1567,80 
1568,77 
1569,79 
1570,77 
1571,67 
1572,79 
1573,79 
1574,78 
1575,79 
1576,86 
1577,78 
1578,82 
1579,75 
1580,81 
1581,89 
1582,83 
1583,85 
1584,78 
1585,79 
1587,80 
1588,78 
1589,78 
1590,80 
1591,93 
1592,79 
1593,80 
1594,78 
1595,78 
1596,80 
1597,80 
1598,77 
1598,77 
1599,80 
1600,78 
1601,93 
1602,78 
1603,77 
1604,84 
1605,80 
1606,78 
1607,79 
1608,80 
1609,79 
1610,84 
1611,80 
1612,81 
1613,84 
1614,80 
1615,81 
1617,82 
1618,82 
1619,79 
1620,73 
1621,81 
1622,78 
1623,94 
1624,77 
1625,77 
1626,80 
1627,79 
1628,93 
1629,79 
1630,75 
1631,78 
1632,86 
1633,94 
1634,77 
1635,83 
1636,79 
1637,79 
1638,71 
1639,80 
1640,79 
1641,79 
1642,75 
1643,76 
1644,80 
1645,93 
1646,94 
1646,94 
1647,82 
1648,78 
1649,88 
1650,80 
1651,72 
1652,79 
1652,79 
1653,81 
1654,77 
1655,80 
1656,77 
1657,90 
1658,82 
1659,83 
1660,87 
1661,79 
1662,79 
1663,80 
1664,84 
1665,83 
1666,77 
1667,71 
1668,86 
1669,78 
1670,79 
1671,76 
1672,78 
1673,79 
1674,89 
1675,88 
1676,85 
1677,79 
1678,88 
1679,79 
1680,88 
1681,79 
1682,71 
1683,83 
1684,86 
1685,94 
1686,81 
1687,81 
1688,79 
1689,80 
1690,81 
1691,80 
1692,81 
1693,77 
1694,87 
1695,77 
1696,76 
1697,81 
1698,78 
1699,80 
1700,89 
1701,77 
1702,80 
1703,92 
1704,87 
1705,77 
1706,78 
1707,94 
1708,80 
1709,78 
1710,95 
1711,89 
1712,82 
1713,77 
1714,81 
1715,90 
1716,79 
1717,79 
1718,79 
1719,79 
1720,84 
1721,80 
1722,78 
1723,78 
1724,79 
1725,89 
1727,92 
1728,79 
1729,93 
1730,83 
1731,84 
1732,83 
1733,79 
1734,83 
1735,90 
1736,85 
1737,82 
1738,80 
1739,79 
1740,74 
1741,86 
1742,70 
1743,79 
1744,91 
1745,88 
1746,81 
1747,77 
1748,74 
1749,78 
1750,78 
1751,81 
1752,80 
1753,80 
1754,71 
1755,89 
1756,74 
1757,83 
1758,77 
1759,77 
1760,82 
1761,75 
1762,77 
1763,83 
1764,80 
1765,85 
1766,85 
1767,79 
1768,82 
1769,88 
1770,88 
1771,80 
1772,81 
1773,78 
1774,82 
1775,87 
1776,78 
1777,84 
1778,90 
1779,87 
1780,82 
1781,95 
1782,81 
1782,81 
1783,93 
1784,79 
1785,82 
1786,79 
1787,81 
1788,88 
1789,83 
1790,84 
1791,83 
1792,86 
1793,80 
1794,94 
1795,81 
1796,92 
1797,79 
1798,94 
1799,82 
1800,85 
1801,77 
1802,84 
1803,78 
1804,88 
1805,87 
1806,79 
1807,76 
1808,81 
1809,82 
1810,76 
1811,80 
1812,83 
1813,88 
1814,78 
1815,85 
1817,82 
1818,81 
1819,83 
1820,83 
1821,90 
1822,87 
1823,76 
1824,76 
1825,77 
1826,78 
1827,88 
1828,82 
1829,78 
1830,79 
1831,84 
1832,86 
1833,81 
1834,76 
1835,85 
1836,82 
1837,80 
1838,82 
1839,75 
1840,93 
1841,91 
1842,75 
1843,85 
1844,74 
1846,85 
1847,81 
1848,76 
1849,87 
1850,78 
1851,88 
1852,81 
1853,92 
1854,94 
1855,86 
1856,79 
1857,79 
1858,82 
1859,80 
1860,89 
1861,80 
1862,91 
1863,79 
1864,81 
1865,83 
1866,78 
1867,90 
1868,80 
1869,76 
1870,94 
1871,88 
1872,94 
1873,79 
1874,92 
1875,81 
1876,83 
1877,80 
1878,90 
1879,86 
1880,78 
1881,78 
1882,73 
1883,88 
1884,93 
1885,78 
1886,81 
1887,89 
1888,78 
1889,75 
1890,84 
1891,88 
1893,87 
1894,86 
1895,79 
1896,89 
1897,79 
1898,90 
1899,88 
1900,93 
1901,77 
1902,86 
1903,75 
1904,82 
1905,86 
1906,73 
1907,78 
1908,79 
1909,85 
1910,93 
1911,79 
1912,86 
1913,80 
1914,74 
1916,93 
1917,86 
1918,87 
1919,94 
1920,82 
1921,82 
1922,81 
1923,79 
1924,87 
1925,93 
1926,86 
1927,89 
1928,78 
1929,94 
1930,81 
1931,93 
1932,75 
1933,82 
1935,93 
1936,87 
1937,83 
1938,85 
1939,80 
1940,76 
1941,84 
1943,93 
1944,77 
1945,76 
1946,80 
1947,88 
1948,73 
1949,93 
1950,76 
1951,83 
1952,76 
1953,91 
1954,88 
1955,80 
1956,84 
1957,79 
1958,88 
1959,81 
1960,79 
1961,87 
1962,76 
1963,81 
1964,79 
1965,83 
1966,79 
1967,92 
1968,80 
1969,79 
1970,92 
1971,93 
1972,90 
1973,86 
1974,82 
1975,78 
1977,89 
1979,77 
1980,87 
1981,85 
1982,87 
1983,83 
1984,80 
1985,82 
1986,83 
1987,91 
1988,84 
1989,82 
1990,87 
1991,83 
1992,76 
1993,88 
1994,84 
1995,82 
1996,87 
1997,89 
1998,88 
1999,80 
2000,82 
2001,90 
2003,90 
2004,86 
2005,89 
2006,82 
2007,78 
2008,87 
2009,86 
2010,83 
2011,86 
2012,86 
2013,80 
2014,79 
2015,77 
2016,83 
2017,84 
2018,83 
2019,82 
2020,89 
2021,85 
2022,80 
2023,82 
2024,85 
2025,83 
2026,80 
2027,88 
2028,87 
2029,76 
2030,82 
2031,83 
2032,89 
2033,93 
2034,88 
2035,79 
2036,78 
2037,83 
2038,81 
2039,77 
2040,84 
2042,93 
2043,78 
2044,83 
2045,82 
2046,85 
2047,83 
2048,79 
2049,81 
2050,85 
2051,82 
2052,93 
2053,80 
2054,80 
2055,82 
2056,84 
2057,73 
2058,83 
2059,87 
2059,87 
2060,80 
2061,85 
2062,81 
2063,94 
2064,83 
2065,80 
2065,80 
2066,84 
2068,78 
2069,84 
2070,91 
2071,84 
2072,78 
2073,82 
2074,90 
2075,90 
2076,80 
2077,83 
2078,83 
2079,87 
2080,84 
2081,84 
2082,85 
2083,78 
2084,91 
2085,84 
2086,83 
2087,88 
2088,81 
2089,87 
2090,86 
2091,83 
2092,79 
2093,87 
2094,83 
2095,86 
2096,84 
2097,81 
2098,76 
2099,84 
2100,89 
2101,79 
2102,85 
2103,81 
2104,83 
2105,71 
2106,88 
2107,83 
2108,85 
2109,81 
2110,82 
2111,78 
2112,81 
2113,85 
2114,83 
2115,87 
2116,82 
2117,83 
2118,82 
2119,84 
2120,84 
2121,85 
2122,84 
2123,86 
2124,86 
2125,83 
2126,84 
2127,88 
2128,81 
2129,90 
2130,88 
2131,87 
2132,86 
2132,86 
2133,82 
2134,88 
2135,85 
2136,84 
2137,76 
2138,78 
2139,81 
2140,84 
2141,83 
2142,87 
2143,82 
2144,84 
2145,90 
2146,81 
2147,87 
2148,83 
2149,76 
2150,85 
2151,84 
2152,73 
2153,83 
2154,82 
2155,87 
2156,83 
2157,79 
2158,91 
2159,85 
2160,86 
2161,88 
2162,83 
2163,90 
2164,81 
2165,84 
2166,81 
2167,84 
2168,82 
2169,82 
2170,84 
2171,84 
2172,93 
2173,79 
2174,90 
2175,78 
2176,85 
2177,77 
2178,82 
2179,87 
2180,80 
2181,81 
2182,84 
2183,83 
2184,78 
2185,79 
2186,80 
2187,81 
2188,81 
2189,85 
2190,82 
2191,82 
2192,91 
2193,94 
2194,77 
2195,74 
2196,90 
2197,79 
2198,72 
2199,76 
2200,80 
2201,81 
2202,80 
2203,78 
2204,78 
2205,76 
2206,93 
2207,89 
2208,82 
2209,82 
2210,83 
2211,86 
2212,82 
2213,88 
2214,81 
2215,86 
2216,88 
2217,84 
2218,89 
2219,91 
2220,91 
2221,85 
2222,75 
2223,90 
2224,92 
2225,80 
2226,79 
2227,83 
2228,84 
2229,82 
2230,83 
2231,92 
2232,82 
2233,84 
2234,79 
2235,87 
2236,84 
2237,86 
2238,79 
2239,87 
2240,78 
2241,87 
2242,85 
2243,88 
2244,81 
2245,88 
2246,88 
2247,87 
2248,81 
2249,83 
2250,88 
2251,88 
2252,75 
2253,87 
2254,85 
2255,87 
2256,87 
2257,82 
2258,85 
2259,88 
2260,85 
2261,84 
2262,87 
2263,95 
2264,81 
2265,84 
2266,89 
2267,83 
2268,82 
2269,82 
2270,85 
2271,83 
2272,84 
2273,84 
2274,92 
2275,90 
2276,81 
2277,88 
2278,78 
2279,86 
2280,83 
2281,80 
2282,78 
2283,81 
2284,88 
2285,87 
2286,88 
2287,83 
2288,84 
2289,89 
2290,83 
2291,84 
2292,79 
2293,83 
2294,94 
2295,87 
2296,83 
2297,86 
2298,80 
2299,84 
2300,80 
2301,88 
2302,83 
2303,93 
2304,80 
2305,76 
2306,83 
2307,81 
2308,85 
2309,76 
2310,85 
2311,86 
2312,82 
2313,82 
2314,82 
2315,83 
2316,82 
2317,87 
2318,82 
2319,87 
2320,81 
2321,91 
2322,78 
2323,87 
2324,85 
2325,88 
2326,82 
2327,85 
2328,86 
2329,90 
2330,84 
2331,87 
2332,86 
2333,82 
2334,85 
2335,86 
2336,86 
2337,86 
2338,89 
2339,87 
2341,85 
2342,81 
2343,89 
2344,78 
2345,90 
2346,79 
2347,88 
2348,80 
2349,84 
2350,80 
2351,83 
2352,83 
2353,86 
2354,85 
2355,82 
2356,83 
2357,94 
2358,82 
2359,88 
2360,90 
2361,83 
2362,92 
2363,89 
2364,86 
2365,89 
2366,81 
2367,87 
2368,77 
2369,80 
2370,77 
2371,85 
2372,81 
2373,83 
2374,84 
2375,84 
2376,79 
2377,79 
2378,78 
2379,82 
2380,80 
2381,85 
2382,84 
2383,74 
2384,79 
2385,78 
2386,90 
2387,94 
2388,81 
2389,89 
2390,88 
2391,82 
2392,82 
2393,80 
2394,80 
2395,90 
2396,84 
2397,85 
2398,82 
2399,78 
2400,82 
2401,85 
2402,81 
2403,84 
2404,94 
2405,88 
2406,84 
2407,83 
2408,80 
2409,82 
2410,83 
2411,85 
2412,87 
2413,80 
2414,85 
2415,84 
2416,87 
2417,85 
2418,79 
2419,78 
2420,84 
2421,85 
2422,81 
2423,81 
2424,86 
2425,88 
2426,80 
2427,86 
2428,87 
2429,78 
2430,88 
2431,89 
2432,88 
2433,91 
2434,81 
2435,79 
2436,90 
2437,72 
2438,76 
2439,78 
2440,77 
2442,75 
2443,79 
2444,78 
2445,90 
2446,78 
2447,94 
2447,94 
2448,79 
2449,82 
2450,77 
2451,93 
2452,77 
2453,78 
2454,88 
2455,78 
2456,81 
2457,80 
2458,81 
2459,82 
2460,88 
2461,78 
2462,84 
2462,84 
2463,77 
2464,79 
2465,78 
2466,90 
2467,78 
2468,77 
2469,82 
2470,78 
2471,80 
2472,76 
2473,79 
2474,80 
2475,91 
2475,91 
2476,78 
2477,78 
2478,80 
2479,85 
2480,79 
2481,93 
2482,83 
2483,91 
2484,78 
2485,78 
2486,87 
2487,79 
2488,79 
2489,79 
2490,77 
2491,79 
2492,78 
2493,84 
2494,73 
2495,79 
2496,89 
2497,84 
2498,78 
2499,94 
2500,78 
2501,79 
2502,77 
2503,82 
2504,89 
2506,91 
2507,82 
2508,80 
2509,74 
2510,84 
2511,82 
2512,75 
2513,76 
2514,87 
2515,74 
2516,79 
2517,79 
2518,79 
2519,80 
2520,78 
2521,81 
2522,78 
2523,86 
2524,90 
2525,91 
2526,75 
2527,79 
2528,79 
2529,79 
2530,83 
2531,79 
2532,80 
2533,76 
2534,79 
2535,79 
2536,77 
2537,78 
2538,78 
2539,67 
2540,83 
2541,84 
2542,82 
2543,77 
2544,76 
2545,80 
2546,79 
2547,78 
2548,89 
2549,87 
2550,81 
2551,83 
2552,77 
2554,79 
2555,84 
2556,79 
2557,78 
2558,78 
2559,79 
2560,81 
2561,79 
2562,94 
2563,79 
2564,79 
2565,78 
2565,78 
2566,79 
2567,80 
2568,79 
2569,77 
2570,78 
2571,93 
2572,79 
2573,78 
2574,82 
2575,79 
2576,76 
2577,79 
2578,79 
2579,93 
2580,79 
2581,90 
2582,77 
2583,77 
2584,84 
2585,81 
2586,81 
2587,93 
2587,93 
2588,88 
2589,80 
2590,84 
2591,81 
2592,79 
2593,87 
2594,80 
2595,79 
2596,75 
2597,85 
2598,79 
2599,86 
2600,83 
2601,79 
2602,82 
2603,94 
2603,94 
2604,85 
2605,90 
2606,89 
2607,79 
2608,77 
2609,78 
2610,80 
2611,79 
2612,79 
2613,80 
2614,79 
2615,82 
2616,78 
2617,80 
2618,77 
2619,86 
2620,80 
2621,87 
2622,78 
2623,73 
2625,76 
2626,78 
2627,87 
2628,94 
2629,77 
2630,80 
2631,76 
2632,80 
2633,84 
2634,82 
2635,76 
2637,79 
2638,88 
2639,82 
2640,76 
2641,82 
2642,82 
2643,94 
2644,80 
2645,84 
2646,81 
2647,80 
2648,84 
2649,79 
2650,79 
2651,83 
2652,80 
2653,88 
2654,79 
2655,82 
2656,81 
2657,71 
2658,80 
2659,79 
2660,75 
2661,82 
2662,82 
2663,88 
2664,80 
2665,92 
2666,80 
2667,94 
2668,80 
2669,78 
2671,82 
2672,79 
2673,79 
2674,76 
2675,76 
2676,78 
2677,79 
2678,84 
2679,83 
2680,72 
2681,82 
2682,82 
2683,81 
2684,92 
2685,84 
2686,90 
2687,78 
2688,79 
2689,80 
2690,81 
2691,79 
2692,78 
2693,92 
2694,82 
2695,78 
2696,79 
2697,75 
2698,79 
2699,77 
2700,94 
2701,88 
2702,80 
2703,77 
2704,83 
2705,84 
2706,80 
2707,86 
2708,80 
2709,82 
2710,87 
2711,79 
2712,79 
2713,77 
2714,82 
2715,81 
2716,78 
2717,85 
2718,95 
2719,80 
2720,82 
2721,80 
2722,79 
2723,85 
2724,80 
2725,90 
2726,78 
2727,79 
2728,77 
2729,86 
2730,94 
2731,78 
2732,79 
2733,84 
2734,78 
2735,80 
2736,92 
2737,92 
2738,78 
2739,83 
2740,79 
2741,86 
2742,78 
2743,84 
2743,84 
2744,79 
2745,79 
2746,80 
2747,88 
2748,86 
2749,79 
2750,75 
2751,79 
2752,78 
2753,90 
2754,78 
2755,80 
2756,87 
2757,77 
2758,80 
2759,82 
2759,82 
2760,92 
2761,81 
2762,80 
2763,75 
2764,87 
2765,79 
2766,85 
2767,91 
2768,79 
2769,78 
2770,79 
2771,86 
2772,80 
2773,85 
2774,80 
2775,87 
2776,81 
2777,76 
2778,85 
2779,88 
2780,78 
2781,91 
2782,90 
2783,89 
2784,86 
2785,76 
2786,73 
2787,84 
2788,83 
2789,89 
2790,81 
2791,78 
2792,87 
2793,82 
2794,86 
2795,87 
2796,79 
2797,77 
2798,78 
2799,81 
2800,79 
2801,88 
2802,78 
2803,73 
2804,83 
2805,75 
2806,85 
2807,92 
2808,76 
2809,94 
2810,79 
2811,77 
2812,87 
2813,80 
2814,86 
2815,79 
2816,80 
2817,79 
2818,91 
2819,89 
2820,81 
2821,86 
2822,90 
2823,87 
2824,78 
2825,77 
2826,84 
2827,86 
2827,86 
2828,92 
2829,78 
2830,89 
2831,90 
2832,85 
2833,85 
2834,82 
2835,80 
2836,91 
2837,73 
2838,79 
2839,78 
2840,79 
2841,81 
2842,80 
2843,91 
2844,88 
2845,93 
2846,88 
2847,82 
2849,89 
2850,78 
2851,85 
2852,94 
2853,79 
2854,88 
2855,88 
2856,78 
2857,88 
2858,81 
2859,79 
2860,78 
2861,83 
2862,88 
2863,91 
2864,76 
2865,80 
2866,87 
2867,78 
2868,79 
2869,94 
2871,82 
2872,82 
2873,84 
2874,77 
2875,82 
2876,80 
2877,73 
2878,93 
2879,80 
2879,80 
2880,77 
2881,84 
2882,78 
2883,93 
2884,85 
2885,92 
2886,83 
2887,79 
2888,79 
2890,79 
2891,93 
2892,78 
2893,85 
2894,78 
2895,91 
2895,91 
2896,85 
2897,83 
2898,93 
2899,89 
2900,87 
2901,91 
2902,85 
2903,79 
2904,89 
2905,80 
2906,82 
2907,93 
2908,83 
2909,88 
2910,91 
2911,88 
2912,89 
2913,83 
2914,89 
2915,94 
2916,87 
2917,88 
2918,85 
2919,93 
2920,90 
2921,86 
2922,91 
2923,80 
2924,90 
2925,88 
2926,84 
2927,93 
2928,93 
2929,79 
2930,80 
2931,83 
2932,78 
2933,87 
2934,80 
2935,87 
2936,90 
2937,80 
2938,83 
2939,82 
2940,91 
2941,87 
2942,90 
2943,85 
2944,86 
2945,92 
2946,85 
2947,83 
2948,75 
2949,78 
2950,83 
2951,84 
2952,87 
2953,94 
2954,88 
2955,89 
2956,87 
2957,82 
2958,81 
2959,87 
2960,88 
2961,78 
2962,93 
2963,88 
2964,78 
2965,86 
2965,86 
2966,80 
2967,87 
2968,91 
2969,91 
2970,86 
2971,85 
2972,88 
2973,88 
2974,85 
2974,85 
2975,79 
2976,84 
2977,94 
2978,79 
2979,86 
2980,86 
2981,92 
2982,80 
2983,85 
2984,90 
2985,90 
2986,86 
2987,84 
2988,85 
2989,85 
2990,88 
2991,89 
2992,89 
2993,92 
2994,87 
2995,80 
2996,83 
2997,83 
2998,91 
2999,89 
3000,71 
3001,82 
3002,93 
3003,91 
3004,88 
3005,94 
3006,86 
3007,91 
3008,93 
3009,86 
3010,92 
3011,83 
3012,83 
3013,89 
3014,87 
3015,79 
3016,85 
3017,91 
3018,87 
3019,84 
3020,81 
3021,88 
3022,83 
3023,83 
3024,87 
3025,86 
3026,88 
3027,81 
3027,81 
3028,78 
3029,84 
3030,80 
3031,79 
3032,87 
3033,88 
3034,84 
3035,84 
3036,92 
3037,93 
3038,84 
3039,86 
3040,89 
3041,81 
3042,89 
3043,80 
3044,84 
3045,93 
3046,85 
3047,79 
3048,87 
3049,87 
3050,89 
3051,84 
3052,87 
3053,90 
3054,90 
3055,79 
3056,81 
3057,81 
3058,82 
3059,86 
3060,84 
3061,94 
3062,83 
3063,90 
3063,90 
3064,86 
3064,86 
3065,78 
3066,84 
3067,81 
3068,88 
3069,90 
3070,79 
3071,79 
3072,80 
3073,87 
3074,87 
3075,87 
3076,80 
3077,86 
3078,81 
3079,74 
3080,84 
3081,88 
3082,84 
3083,85 
3084,80 
3085,85 
3086,90 
3087,88 
3088,93 
3089,84 
3090,84 
3091,82 
3092,81 
3093,88 
3094,82 
3095,83 
3096,82 
3097,87 
3098,85 
3099,94 
3099,94 
3100,90 
3101,90 
3102,81 
3103,82 
3104,76 
3105,79 
3106,89 
3107,90 
3108,84 
3109,90 
3111,84 
3112,82 
3113,86 
3114,93 
3115,91 
3116,92 
3117,80 
3118,83 
3119,83 
3120,93 
3121,82 
3122,87 
3123,79 
3124,79 
3125,91 
3126,91 
3127,90 
3128,80 
3129,86 
3130,86 
3131,92 
3132,84 
3133,91 
3134,87 
3135,80 
3136,82 
3137,94 
3138,84 
3139,84 
3140,82 
3141,88 
3142,85 
3143,93 
3144,89 
3145,91 
3146,82 
3147,80 
3148,81 
3149,84 
3150,82 
3151,94 
3152,88 
3153,92 
3154,91 
3155,89 
3157,83 
3158,94 
3159,86 
3160,80 
3161,94 
3162,88 
3163,80 
3164,83 
3165,88 
3166,80 
3167,87 
3168,81 
3169,89 
3170,93 
3171,83 
3172,87 
3173,88 
3174,83 
3175,90 
3177,93 
3178,84 
3179,92 
3180,82 
3181,90 
3182,83 
3183,84 
3184,93 
3185,84 
3186,85 
3187,88 
3188,78 
3189,79 
3189,79 
3190,84 
3191,93 
3192,87 
3193,87 
3194,90 
3195,87 
3196,88 
3197,89 
3198,95 
3199,87 
3200,84 
3201,80 
3202,81 
3203,93 
3204,83 
3205,82 
3206,83 
3207,85 
3207,85 
3208,91 
3209,85 
3210,80 
3211,85 
3212,93 
3213,92 
3214,86 
3215,89 
3216,91 
3217,77 
3218,93 
3219,84 
3220,93 
3221,93 
3222,88 
3223,86 
3224,81 
3225,94 
3226,85 
3227,86 
3228,88 
3229,83 
3230,90 
3231,80 
3232,82 
3233,87 
3234,76 
3235,84 
3236,89 
3237,76 
3238,90 
3239,85 
3240,84 
3241,84 
3242,94 
3243,81 
3244,89 
3245,84 
3246,84 
3247,91 
3248,87 
3249,87 
3250,90 
3251,93 
3252,90 
3253,78 
3254,90 
3255,87 
3256,94 
3257,82 
3258,84 
3259,78 
3260,93 
3261,87 
3262,83 
3263,93 
3264,90 
3265,94 
3266,89 
3267,91 
3268,84 
3269,82 
3270,91 
3271,86 
3272,85 
3273,84 
3274,91 
3275,84 
3276,89 
3277,90 
3278,85 
3279,85 
3280,81 
3281,91 
3282,94 
3283,90 
3284,83 
3285,94 
3286,85 
3287,88 
3288,82 
3289,93 
3290,87 
3291,90 
3292,79 
3293,79 
3295,87 
3295,87 
3296,85 
3298,89 
3299,93 
3300,93 
3301,85 
3302,94 
3303,82 
3304,88 
3305,84 
3306,84 
3307,86 
3308,88 
3309,86 
3310,93 
3311,91 
3312,88 
3313,86 
3314,86 
3315,92 
3316,91 
3317,93 
3319,83 
3320,83 
3321,87 
3322,91 
3324,87 
3325,81 
3326,88 
3327,91 
3329,83 
3330,84 
3331,86 
3332,90 
3333,85 
3334,81 
3335,82 
3336,83 
3337,86 
3338,85 
3339,89 
3340,81 
3341,85 
3342,85 
3343,94 
3344,87 
3345,89 
3346,83 
3347,81 
3348,83 
3349,85 
3350,86 
3351,86 
3352,93 
3353,88 
3354,84 
3355,82 
3356,84 
3357,86 
3358,90 
3359,86 
3360,85 
3361,93 
3361,93 
3362,85 
3363,78 
3364,88 
3365,85 
3366,84 
3367,90 
3368,87 
3369,85 
3370,78 
3371,85 
3372,82 
3373,85 
3374,87 
3375,85 
3376,83 
3377,87 
3378,77 
3379,81 
3380,89 
3381,89 
3382,79 
3383,80 
3384,73 
3385,84 
3386,90 
3387,87 
3388,92 
3389,89 
3390,90 
3391,75 
3392,86 
3393,83 
3394,87 
3395,80 
3396,90 
3397,93 
3398,87 
3399,79 
3400,85 
3401,90 
3402,85 
3403,93 
3404,84 
3405,86 
3406,88 
3407,81 
3408,89 
3409,86 
3410,88 
3411,87 
3412,85 
3413,82 
3414,86 
3415,86 
3416,87 
3417,91 
3418,84 
3419,87 
3420,93 
3421,86 
3422,92 
3423,87 
3424,85 
3425,83 
3426,91 
3427,86 
3428,84 
3429,86 
3430,84 
3431,78 
3432,81 
3433,89 
3434,78 
3435,90 
3436,85 
3437,81 
3438,89 
3439,82 
3440,83 
3441,88 
3442,84 
3443,87 
3444,79 
3445,88 
3446,90 
3447,87 
3448,86 
3449,87 
3450,91 
3451,86 
3452,90 
3453,86 
3454,87 
3455,88 
3456,82 
3457,93 
3458,93 
3459,84 
3460,83 
3461,81 
3462,94 
3463,88 
3464,80 
3465,87 
3466,86 
3467,81 
3468,82 
3469,90 
3470,86 
3471,78 
3472,90 
3473,87 
3474,83 
3475,85 
3476,88 
3476,88 
3477,79 
3478,93 
3479,88 
3480,87 
3481,82 
3482,80 
3483,73 
3484,93 
3485,79 
3486,86 
3487,82 
3488,89 
3489,94 
3490,89 
3491,86 
3492,84 
3493,82 
3494,82 
3495,84 
3496,80 
3497,79 
3498,77 
3499,80 
3500,87 
3501,87 
3502,78 
3503,75 
3505,87 
3506,83 
3507,86 
3508,85 
3509,85 
3510,90 
3511,84 
3512,87 
3513,92 
3514,88 
3515,81 
3516,91 
3517,91 
3518,86 
3519,92 
3520,88 
3521,82 
3522,77 
3523,86 
3524,87 
3525,87 
3526,87 
3527,84 
3528,83 
3529,84 
3530,89 
3531,84 
3532,94 
3533,82 
3534,82 
3535,88 
3536,79 
3537,91 
3538,84 
3540,83 
3541,87 
3542,94 
3543,84 
3544,88 
3545,85 
3546,85 
3547,76 
3548,85 
3549,83 
3550,87 
3551,86 
3552,87 
3553,85 
3554,86 
3555,87 
3556,77 
3557,87 
3559,84 
3560,89 
3561,87 
3562,88 
3563,90 
3564,85 
3565,82 
3566,85 
3567,83 
3568,85 
3569,78 
3570,92 
3571,82 
3572,80 
3573,85 
3574,85 
3575,78 
3576,89 
3577,91 
3578,84 
3579,83 
3580,88 
3581,86 
3582,81 
3583,87 
3584,91 
3585,84 
3586,83 
3587,84 
3588,92 
3589,79 
3590,83 
3591,77 
3592,92 
3593,90 
3594,87 
3595,81 
3596,82 
3597,88 
3598,82 
3599,85 
3600,81 
3601,83 
3602,85 
3603,84 
3604,79 
3605,76 
3606,80 
3607,82 
3608,78 
3609,86 
3610,83 
3611,82 
3612,90 
3613,91 
3614,80 
3615,88 
3616,84 
3617,83 
3618,81 
3619,89 
3620,83 
3621,76 
3622,86 
3623,87 
3624,83 
3625,80 
3626,85 
3627,83 
3628,79 
3629,78 
3630,87 
3631,92 
3632,89 
3633,75 
3634,85 
3635,79 
3636,83 
3637,84 
3638,89 
3639,81 
3640,82 
3641,79 
3642,94 
3643,77 
3644,79 
3645,78 
3646,80 
3647,84 
3648,84 
3649,79 
3650,92 
3651,86 
3652,82 
3653,79 
3654,85 
3655,90 
3656,91 
3657,84 
3658,82 
3659,82 
3660,77 
3661,80 
3662,85 
3663,80 
3664,90 
3665,76 
3666,82 
3667,82 
3668,81 
3669,77 
3670,81 
3671,82 
3672,83 
3673,81 
3674,81 
3675,84 
3676,91 
3677,84 
3678,82 
3679,80 
3680,84 
3681,84 
3682,87 
3683,84 
3684,85 
3685,82 
3686,83 
3687,82 
3688,81 
3689,85 
3690,81 
3691,84 
3692,88 
3693,78 
3693,78 
3694,84 
3695,87 
3696,79 
3697,85 
3698,86 
3699,73 
3700,83 
3701,91 
3702,80 
3703,78 
3704,85 
3705,76 
3706,80 
3707,79 
3708,87 
3709,93 
3709,93 
3710,82 
3711,81 
3712,92 
3713,85 
3714,82 
3715,79 
3716,85 
3717,86 
3718,85 
3719,85 
3720,90 
3721,92 
3722,82 
3723,81 
3724,92 
3725,81 
3726,89 
3727,88 
3728,83 
3729,88 
3730,90 
3731,75 
3732,85 
3733,83 
3734,88 
3735,81 
3736,85 
3737,76 
3738,79 
3739,76 
3740,83 
3741,83 
3742,85 
3743,80 
3744,93 
3745,81 
3746,79 
3747,81 
3748,82 
3749,77 
3750,85 
3751,85 
3752,84 
3753,74 
3754,86 
3755,89 
3756,82 
3757,88 
3758,85 
3759,78 
3760,74 
3761,92 
3762,88 
3763,81 
3764,78 
3765,79 
3766,79 
3767,86 
3768,85 
3769,90 
3770,84 
3771,90 
3772,86 
3773,85 
3774,81 
3775,83 
3776,91 
3777,87 
3778,78 
3779,85 
3780,82 
3781,78 
3782,79 
3783,82 
3784,83 
3785,81 
3786,80 
3787,78 
3788,86 
3789,83 
3790,76 
3791,80 
3792,81 
3793,84 
3794,82 
3795,93 
3796,94 
3797,88 
3798,85 
3799,81 
3800,93 
3801,93 
3802,87 
3803,91 
3804,82 
3805,87 
3806,93 
3807,83 
3808,90 
3809,79 
3810,83 
3811,91 
3812,85 
3813,87 
3814,93 
3815,88 
3816,79 
3817,87 
3818,93 
3819,81 
3820,93 
3822,93 
3823,85 
3824,90 
3825,88 
3826,88 
3827,83 
3828,83 
3829,78 
3830,93 
3831,88 
3832,90 
3833,85 
3834,81 
3835,87 
3836,83 
3837,86 
3838,89 
3839,91 
3840,84 
3841,92 
3842,88 
3843,79 
3844,89 
3845,89 
3846,73 
3847,89 
3848,84 
3849,88 
3850,85 
3851,82 
3852,81 
3853,81 
3854,85 
3855,84 
3856,83 
3857,84 
3858,90 
3859,92 
3860,88 
3861,89 
3862,80 
3863,89 
3864,77 
3865,89 
3866,84 
3867,89 
3868,84 
3869,86 
3870,93 
3871,84 
3872,94 
3873,86 
3874,87 
3875,85 
3876,84 
3877,93 
3878,90 
3879,87 
3880,87 
3881,85 
3882,84 
3883,84 
3884,82 
3885,88 
3886,87 
3887,85 
3888,93 
3889,79 
3890,93 
3891,84 
3892,81 
3893,85 
3894,87 
3895,82 
3896,93 
3897,88 
3898,85 
3899,77 
3900,82 
3901,82 
3902,89 
3903,83 
3904,78 
3905,85 
3906,79 
3907,89 
3908,87 
3909,84 
3910,88 
3911,87 
3912,86 
3913,80 
3914,89 
3915,91 
3916,85 
3917,89 
3918,79 
3919,78 
3920,85 
3921,92 
3922,84 
3923,81 
3924,79 
3925,91 
3926,82 
3927,86 
3928,91 
3929,90 
3930,79 
3931,86 
3932,84 
3933,82 
3934,82 
3935,79 
3936,87 
3937,92 
3938,91 
3939,79 
3940,80 
3941,86 
3942,82 
3943,86 
3944,81 
3945,92 
3946,81 
3947,89 
3948,94 
3949,87 
3950,84 
3951,94 
3952,87 
3953,87 
3954,87 
3955,93 
3956,89 
3957,85 
3958,93 
3959,82 
3960,82 
3961,93 
3962,80 
3963,87 
3964,85 
3965,79 
3966,86 
3967,89 
3968,84 
3969,79 
3970,88 
3971,88 
3972,90 
3973,90 
3974,81 
3975,86 
3976,82 
3977,93 
3978,83 
3979,88 
3980,84 
3981,86 
3982,88 
3983,81 
3984,90 
3985,81 
3986,85 
3987,82 
3988,95 
3989,86 
3990,89 
3991,89 
3992,93 
3993,85 
3994,92 
3995,93 
3996,87 
3997,85 
3998,94 
3999,89 
4000,84 